route,EN,FR,DE,NL
Dietitian dietician nutritionist and dietetics\Consultation.html,yes,yes,no,no
Dietitian dietician nutritionist and dietetics\The dietitian and dietetics.html,yes,no,no,no
Dietitian dietician nutritionist and dietetics\working method.html,yes,no,no,no
contact.html,yes,yes,yes,yes
cookies.html,yes,yes,yes,yes
diabetes.html,yes,no,yes,yes
dietitian dietician nutritionist Berchem-Sainte-Agathe\dietitian dietician nutritionist Berchem-Sainte-Agathe.html,yes,no,no,no
dietitian dietician nutritionist Ixelles\Tenbosch-Châtelain medical center.html,yes,no,no,no
dietitian dietician nutritionist Koekelberg\BSK.html,yes,yes,no,yes
dietitian dietician nutritionist Uccle\espacepluridys.html,yes,yes,no,yes
dietitian dietician nutritionist Woluwe Saint Lambert\Dietitian Woluwe Saint Lambert.html,yes,no,no,no
dietitian dietician nutritionist Woluwe Saint Pierre\Dietitian Woluwe Saint Pierre.html,yes,no,no,no
dietitian dietician nutritionist Woluwe Saint Pierre\dietitian woluwe saint pierre Medic Alix.html,yes,no,no,no
dietitian dietician nutritionist laken\niveole-medical-center.html,yes,yes,no,no
dietitian-dietician-nutritionist-Etterbeek\mediwoluwe.html,yes,no,no,yes
dietitian-dietician-nutritionist\appointment.html,yes,no,no,no
dietitian-dietician-nutritionist\irritable bowel syndrome\low FODMAP diet.html,yes,no,no,no
dietitian-dietician-nutritionist\irritable-bowel-syndrome\low-fodmap-diet.html,yes,no,no,no
dietitian-dietician-nutritionist\weight loss\losing weight and weight loss.html,yes,no,no,no
dietitian-dietician-nutritionist\weight-loss\losing-weight-and-weight-loss.html,yes,no,no,no
home.html,yes,yes,yes,yes
legal.html,yes,yes,yes,yes
nutrigenomics nutrigenetics\genetic test.html,yes,no,no,no
privacy.html,yes,yes,yes,yes
terms.html,yes,no,yes,yes
